job title;company name;date;location;skills;links;;,,,,,,,
Python Instructor for Kids 13-17 - Alexandria;CodeTreps -;2 days ago;Mahta Alraml, Alexandria, Egypt ;Full TimePart TimeOn-siteEntry Level · 1 - 3 Yrs of Exp · IT/Software Development · Education/Teaching · Training/Instructor · Teaching · instructor · Education · MIT AppInventor · Code.org · Pictoblox · Coding;https://wuzzuf.net/jobs/p/x0wsybvwib7i-python-instructor-for-kids-13-17-alexandria-codetreps-alexandria-egypt;;,,,,,
AI Developer (Python);Ultimate Solutions Egypt -;3 days ago;Sheikh Zayed, Giza, Egypt ;Full TimeOn-siteExperienced · 1 - 2 Yrs of Exp · IT/Software Development · Analyst/Research · Engineering - Telecom/Technology · AI · AWS · Azure · Computer Science · Data Science · Git · Information Technology (IT);https://wuzzuf.net/jobs/p/fzhlcjbkzah5-ai-developer-python-ultimate-solutions-egypt-giza-egypt;;,,,,,
DAZU - Python Developer (FinTech);Bright Creations -;3 days ago;Smart Village, Giza, Egypt ;Full TimeHybridExperienced · 2+ Yrs of Exp · IT/Software Development · Engineering - Telecom/Technology · Python · Django · Flask · Python Scripting · Web Scraping · WWeb Scraping · CI · Computer Science;https://wuzzuf.net/jobs/p/u0f0gyqjqg7z-dazu-python-developer-fintech-bright-creations-giza-egypt;;,,,,,
Senior Systems Architect;Nexus Analytica -;2 days ago;Shorouk City, Cairo, Egypt ;Full TimeOn-siteExperienced · 7 - 8 Yrs of Exp · IT/Software Development · Software Architecture · Microservice Architecture · monolithic architecture · Modular Design · scalable architecture · API Design · Architectural documentation · Python · Django Framework;https://wuzzuf.net/jobs/p/7e1yrihij2ip-senior-systems-architect-nexus-analytica-cairo-egypt;;,,,,,
NLP Python Engineer;Confidential -;4 days ago;Cairo, Egypt ;Full TimeHybridExperienced · 5 - 8 Yrs of Exp · IT/Software Development · Analyst/Research · Engineering - Telecom/Technology · AI · Software Development · Software Engineering · Agile Software Development · PyTorch · TensorFlow · Keras;https://wuzzuf.net/jobs/p/rsukdhk2kk3s-nlp-python-engineer-cairo-egypt;;,,,,,,
Senior Odoo Developer – Full Stack;TopLine  -;5 days ago;Cairo, Egypt ;Full TimeRemoteExperienced · 3+ Yrs of Exp · IT/Software Development · Engineering - Telecom/Technology · Odoo · Python · Odoo CRM · PostgreSQL · RESTful API Integration · Version Control (Git) · Problem Solving · Odoo Development;https://wuzzuf.net/jobs/p/aomsbm5zjdsj-senior-odoo-developer-full-stack-topline-cairo-egypt;;,,,,,,
Senior Odoo Techno-Functional;Confidential -;4 days ago;Jeddah, Saudi Arabia ;Full TimeOn-siteExperienced · 4 - 10 Yrs of Exp · males_only · IT/Software Development · Engineering - Telecom/Technology · Odoo ERP · Python · API Integration · Data Migration · Problem Solving;https://wuzzuf.net/saudi/jobs/p/rkxpsswcpxnv-senior-odoo-techno-functional-jeddah-saudi-arabia;;,,,,,,
Data Science And Machine Learning Instructor;EpsilonAI -;1 month ago;Nasr City, Cairo, Egypt ;Full TimeFreelance / ProjectHybridExperienced · 2+ Yrs of Exp · IT/Software Development · Education/Teaching · Training/Instructor · Data Science · Computer Science · Computer Engineering · Python · Machine Learning · Deep Learning · Artificial Intelligence (AI);https://wuzzuf.net/jobs/p/f1ah51tu27bz-data-science-and-machine-learning-instructor-epsilonai-cairo-egypt;;,,,,,
ICT Teacher;Nile Egyptian International Schools -;2 months ago;Obour City, Cairo, Egypt ;Full TimeOn-siteEntry Level · 0 - 3 Yrs of Exp · Education/Teaching · Python · Microsoft Office · Lesson Planning · Classroom Management · qualified teacher;https://wuzzuf.net/jobs/p/dtw2w3suohbe-ict-teacher-nile-egyptian-international-schools-cairo-egypt;;,,,,,
iOS & Backend Engineer – Powering Global eSIM & Hotspot Apps;Connected Destinations -;8 days ago;Istanbul, Turkey ;Freelance / ProjectRemoteEntry Level · 1 - 2 Yrs of Exp · IT/Software Development · Tourism/Travel · Swift · Node.js · Python · SQL · NoSQL · Git · E-Commerce · API;https://wuzzuf.net/jobs/p/zrasji2m5kiz-ios-backend-engineer-powering-global-esim-hotspot-apps-connected-destinations-istanbul-turkey;;,,,,,,
Senior MLOps Engineer;BrickRed Technologies  -;8 days ago;New Cairo, Cairo, Egypt ;Full TimeOn-siteExperienced · 7+ Yrs of Exp · IT/Software Development · Analyst/Research · Engineering - Telecom/Technology · MLOps · Machine Learning · DevOps · Cloud Computing · CI/CD · Docker · Kubernetes;https://wuzzuf.net/jobs/p/bvneuotw1ymz-senior-mlops-engineer-brickred-technologies-cairo-egypt;;,,,,,
Software Engineer Intern;BlackDuck -;9 days ago;New Cairo, Cairo, Egypt ;InternshipHybridStudent · IT/Software Development · Quality · Engineering - Telecom/Technology · Flutter · React Native · React · Kotlin · Swift · Vue.js · Angular;https://wuzzuf.net/internship/xw9t1eitxae3-software-engineer-intern-blackduck-cairo-egypt;;,,,,,
Senior Full Stack Developer;BlackDuck -;9 days ago;New Cairo, Cairo, Egypt ;Full TimeOn-siteExperienced · 6+ Yrs of Exp · Creative/Design/Art · IT/Software Development · Engineering - Telecom/Technology · React Native · React · Node.js · Python · Django · GO · Back-End Development;https://wuzzuf.net/jobs/p/huhipylh43gw-senior-full-stack-developer-blackduck-cairo-egypt;;,,,,,
Ethical Hacker;3PEARL   -;11 days ago;Mohandessin, Giza, Egypt ;Full TimeOn-siteExperienced · 1 - 3 Yrs of Exp · Creative/Design/Art · Customer Service/Support · Marketing/PR/Advertising · Penetration Testing · Vulnerability Assessment · Network Security · Application Security · Scripting (Python, Bash, PowerShell) · Security Tools (Metasploit, Burp Suite, Nmap) · Incident Response;https://wuzzuf.net/jobs/p/ttyjz8skpcwd-ethical-hacker-3pearl-giza-egypt;;,
Senior Odoo Developer;Elsewedy industries -;11 days ago;New Cairo, Cairo, Egypt ;Full TimeOn-siteExperienced · 3 - 6 Yrs of Exp · IT/Software Development · Engineering - Telecom/Technology · Python · Odoo · Odoo Development · Programming · Software Development · Software Engineering · SQL · Information Technology (IT);https://wuzzuf.net/jobs/p/tbraut9zagft-senior-odoo-developer-elsewedy-industries-cairo-egypt;;,,,,,
Senior Manager - Data Analytics;Alshaya -;12 days ago;Nasr City, Cairo, Egypt ;Full TimeOn-siteManager · 7 - 10 Yrs of Exp · Analyst/Research · Sales/Retail · Data Analytics · CRM · Quantitative Research · Commercial Analysis · Performance Measurement · Loyalty Programme · Performance Analytics · Loyalty Programme Analytics;https://wuzzuf.net/jobs/p/0z01rmltftwu-senior-manager-data-analytics-alshaya-cairo-egypt;;,,,,,
Senior Odoo Developer (Python) (Upper Egypt);OdooTec -;2 months ago;Menia, Minya, Egypt ;Full TimeHybridExperienced · 3 - 6 Yrs of Exp · IT/Software Development · Python · Information Technology (IT) · Software Development · HTML · ERP · Odoo · Software Engineering · Programming · Computer Science;https://wuzzuf.net/jobs/p/65ynrz26iczm-senior-odoo-developer-python-upper-egypt-odootec-minya-egypt;;,,,,,
Senior Odoo Developer (Python);OdooTec -;2 months ago;New Cairo, Cairo, Egypt ;Full TimeOn-siteExperienced · 3 - 6 Yrs of Exp · IT/Software Development · Python · Information Technology (IT) · Software Development · HTML · ERP · Odoo · Software Engineering · Programming · Computer Science;https://wuzzuf.net/jobs/p/gn5o3fpqtmsf-senior-odoo-developer-python-odootec-cairo-egypt;;,,,,,
Junior Software Engineer;BlackDuck -;9 days ago;New Cairo, Cairo, Egypt ;Full TimeOn-siteEntry Level · IT/Software Development · Quality · Engineering - Telecom/Technology · React · React Native · Node.js · Python · Django · GO · Back-End Development;https://wuzzuf.net/jobs/p/jip6aemxldlp-junior-software-engineer-blackduck-cairo-egypt;;,,,,,
Data analysis instructor / Consultant;Yat Learning Centers -;12 days ago;Abbassia, Cairo, Egypt ;Full TimeOn-siteExperienced · 3 - 16 Yrs of Exp · Analyst/Research · Education/Teaching · Training/Instructor · Data Analysis · Data Analytics · Power BI · Python · Tableau · instructor;https://wuzzuf.net/jobs/p/wwl3ctsttqyz-data-analysis-instructor-consultant-yat-learning-centers-cairo-egypt;;,,,,,
Backend Developer;Trade line -;12 days ago;Cairo, Egypt ;Full TimeOn-siteExperienced · 6 - 10 Yrs of Exp · Creative/Design/Art · IT/Software Development · Backend Development · Database Management · Cloud Computing · Programming (Python, Java, Node.js, Ruby) · Problem Solving · Version Control (Git) · CI/CD · Microservices;https://wuzzuf.net/jobs/p/sf63ut1peysz-backend-developer-trade-line-cairo-egypt;;,,,
Senior DevSecOps & Cloud Security Engineer;Confidential -;12 days ago;Cairo, Egypt ;Full TimeOn-siteExperienced · 3 - 6 Yrs of Exp · Installation/Maintenance/Repair · IT/Software Development · Engineering - Telecom/Technology · Cloud Security · DevSecOps · CI/CD Automation · Infrastructure as Code (IaC) · Vulnerability Management · Security Assessment · Incident Response;https://wuzzuf.net/jobs/p/oendtpixy43f-senior-devsecops-cloud-security-engineer-cairo-egypt;;,,,,,,
IOT Engineer;Skarpt Company  -;16 days ago;Hadayek Alahram, Giza, Egypt ;Full TimeOn-siteEntry Level · 0 - 2 Yrs of Exp · males_only · IT/Software Development · Engineering - Telecom/Technology · Engineering - Mechanical/Electrical · IoT System Design · Programming (Python, C/C++) · Cybersecurity Fundamentals · Technical Documentation · Network Configuration · Sensor Integration · Data Analysis;https://wuzzuf.net/jobs/p/sdsqwm3kdijg-iot-engineer-skarpt-company-giza-egypt;;,,,,
Senior Python Developer;Nile Bits, LLC -;2 months ago;6th of October, Giza, Egypt ;Full TimeRemoteExperienced · 5 - 10 Yrs of Exp · IT/Software Development · Engineering - Telecom/Technology · AWS · APIs · RESTful · Python · Software Engineering · Computer Science · Design · Git;https://wuzzuf.net/jobs/p/gfqcezov2kmz-senior-python-developer-nile-bits-llc-giza-egypt;;,,,,
Software Engineer;Tigrisnet -;24 days ago;Nasr City, Cairo, Egypt ;Full TimeOn-siteExperienced · 4 - 8 Yrs of Exp · IT/Software Development · Engineering - Telecom/Technology · Software Development · Programming (Java, Python, C#, JavaScript) · Debugging and Troubleshooting · Technical Documentation · Agile Methodologies · Problem Solving · Cloud Computing;https://wuzzuf.net/jobs/p/knj8o0jqif9y-software-engineer-tigrisnet-cairo-egypt;;,,
AI Engineer;Ahmed Trading Group -;26 days ago;Chicago, United States ;Part TimeOn-siteEntry Level · 1 - 20 Yrs of Exp · IT/Software Development · Engineering - Telecom/Technology · AI agent · AI Automation · Python · Java · TensorFlow;https://wuzzuf.net/jobs/p/ow7wqxo6obhm-ai-engineer-ahmed-trading-group-chicago-united-states;;,,,,,,
Data Engineer;ysolution -;27 days ago;New Damietta, Damietta, Egypt ;Full TimeRemoteExperienced · 4 - 6 Yrs of Exp · IT/Software Development · Engineering - Telecom/Technology · Data Engineering · Python · data lakes;https://wuzzuf.net/jobs/p/zc0s3yl5epgb-data-engineer-ysolution-damietta-egypt;;,,,,,
Senior AI Engineer;Lumin -;29 days ago;Sheikh Zayed, Giza, Egypt ;Full TimeHybridExperienced · 3 - 5 Yrs of Exp · IT/Software Development · AI · Artificial Intelligence (AI) · Computer Vision · Machine Learning · TensorFlow · Python · Computer Science · Programming · PyTorch;https://wuzzuf.net/jobs/p/mhps5woalmsm-senior-ai-engineer-lumin-giza-egypt;;,,,,,
Curriculum Development Lead;CodeTreps -;28 days ago;Mahta Alraml, Alexandria, Egypt ;Full TimeOn-siteEntry Level · 1 - 3 Yrs of Exp · Writing/Editorial · IT/Software Development · Training/Instructor · Curriculum Writing · Curriculum Planning · Curriculum Management · Training Programs · Entrepreneurship · Presentation Skills · Course Design;https://wuzzuf.net/jobs/p/qdwujhbqugto-curriculum-development-lead-codetreps-alexandria-egypt;;,,,,,
Data Scientist;Confidential -;3 days ago;Cairo, Egypt ;Full TimeRemoteExperienced · 2 - 3 Yrs of Exp · IT/Software Development · Analyst/Research · Data Analysis · Machine Learning · Python · Statistical Modeling · R · 3D Imaging · Medical Imaging · Data Visualization;https://wuzzuf.net/jobs/p/rdal4e1kn3ch-data-scientist-cairo-egypt;;,,,,,,
Senior Odoo Developer;Arma-HSA -;4 days ago;Cairo, Egypt ;Full TimeOn-siteExperienced · 5 - 7 Yrs of Exp · Business Development · IT/Software Development · Engineering - Telecom/Technology · Odoo Development · Python Programming · ERP Implementation · PostgreSQL · System Integration · Business Process Analysis · HTML/CSS;https://wuzzuf.net/jobs/p/wmpf9mw7yh3f-senior-odoo-developer-arma-hsa-cairo-egypt;;,,,,,,
Odoo Developer;ECC Group -;6 days ago;Nasr City, Cairo, Egypt ;Full TimeOn-siteExperienced · 4 - 7 Yrs of Exp · IT/Software Development · Engineering - Telecom/Technology · Odoo Development · Python Programming · PostgreSQL · ERP Customization · API Integration · JavaScript · HTML5 & CSS3 · Problem Solving;https://wuzzuf.net/jobs/p/y40fvnscdy75-odoo-developer-ecc-group-cairo-egypt;;,,,,,
Senior Quantitative Analyst;Confidential -;6 days ago;Cairo, Egypt ;Full TimeRemoteExperienced · 7+ Yrs of Exp · Accounting/Finance · IT/Software Development · Analyst/Research · Statistical Analysis · Machine Learning · Programming (Python, R, C++, MATLAB) · Quantitative Research · Backtesting · Risk Management · Data Analysis;https://wuzzuf.net/jobs/p/4rlbt7smavko-senior-quantitative-analyst-cairo-egypt;;,,,
ICT teacher - Alexandria;Egyptian English Language schools -;1 month ago;Montaza, Alexandria, Egypt ;Full TimeOn-siteExperienced · 3 - 5 Yrs of Exp · IT/Software Development · Engineering - Telecom/Technology · Education/Teaching · Science · Education · English · Computer Science · Information Technology (IT) · ICT · computer;https://wuzzuf.net/jobs/p/dtajnzrqllww-ict-teacher-alexandria-egyptian-english-language-schools-alexandria-egypt;;,,,,,
Software Engineer (Python);dubizzle -;1 month ago;Dubai, United Arab Emirates ;Full TimeEntry Level · IT/Software Development · Quality · Engineering - Telecom/Technology · Information Technology (IT) · Computer Science · Software Development · Software Engineering · Engineering · Computer Engineering · Software;https://wuzzuf.net/jobs/p/g/osmlaq81oxey-software-engineer-python-dubizzle-dubai-united-arab-emirates;;,,,,,,
Software Engineer (Python) - Data Platform;Revolut -;1 month ago;Dubai, United Arab Emirates ;Full TimeEntry Level · IT/Software Development · Quality · Engineering - Telecom/Technology · Information Technology (IT) · Computer Science · Software Development · Software Engineering · Engineering · Computer Engineering · Software;https://wuzzuf.net/jobs/p/g/ixzn7xxcdodr-software-engineer-python-data-platform-revolut-dubai-united-arab-emirates;;,,,,,,
Software Engineer (Python) - Revolut People Product;Revolut -;1 month ago;Dubai, United Arab Emirates ;Full TimeEntry Level · IT/Software Development · Quality · Engineering - Telecom/Technology · Information Technology (IT) · Computer Science · Software Development · Software Engineering · Engineering · Computer Engineering · Software;https://wuzzuf.net/jobs/p/g/mcmmynjoecdt-software-engineer-python-revolut-people-product-revolut-dubai-united-arab-emirates;;,,,,,,
Software Engineer (Python) - Mid/Senior;Revolut -;1 month ago;Dubai, United Arab Emirates ;Full TimeEntry Level · IT/Software Development · Quality · Engineering - Telecom/Technology · Information Technology (IT) · Computer Science · Software Development · Software Engineering · Engineering · Computer Engineering · Software;https://wuzzuf.net/jobs/p/g/dmtltbspawsc-software-engineer-python-midsenior-revolut-dubai-united-arab-emirates;;,,,,,,
Data Analyst;Arma-HSA -;1 month ago;Cairo, Egypt ;Full TimeOn-siteEntry Level · 1 - 5 Yrs of Exp · Analyst/Research · Data Analysis · Data Visualization · SQL · Python · Power BI · Problem Solving · Excel · Statistical Analysis · Reporting;https://wuzzuf.net/jobs/p/zb0s8o5r59sy-data-analyst-arma-hsa-cairo-egypt;;,,,,,,
Odoo Website Developer;AlZamel for consultation -;1 month ago;Maadi, Cairo, Egypt ;Full TimeOn-siteExperienced · 2 - 5 Yrs of Exp · IT/Software Development · Odoo Development · HTML/CSS · Version Control (Git) · Python Programming;https://wuzzuf.net/jobs/p/fuylio6qzmai-odoo-website-developer-alzamel-for-consultation-cairo-egypt;;,,,,,
Senior Odoo Developer;OdooTec -;1 month ago;New Cairo, Cairo, Egypt ;Full TimeRemoteExperienced · 3 - 6 Yrs of Exp · IT/Software Development · Python · Information Technology (IT) · Software Development · HTML · ERP · Odoo · Software Engineering · Programming · Computer Science;https://wuzzuf.net/jobs/p/86lsk6x8doow-senior-odoo-developer-odootec-cairo-egypt;;,,,,,
Senior SOC Engineer;Confidential -;1 month ago;New Cairo, Cairo, Egypt ;Full TimeOn-siteExperienced · 5 - 7 Yrs of Exp · IT/Software Development · Engineering - Telecom/Technology · SIEM · EDR · XDR · DLP · IDS/IPS · SOAR · Python · PowerShell;https://wuzzuf.net/jobs/p/9ayhmuo3ei1m-senior-soc-engineer-cairo-egypt;;,,,,,
Software Engineer;GLC Paints -;1 month ago;Obour City, Cairo, Egypt ;Full TimeOn-siteExperienced · 3 - 5 Yrs of Exp · IT/Software Development · Quality · Engineering - Telecom/Technology · Software Development · Programming (Java, C#, Python, JavaScript) · Database Management (SQL) · Problem Solving · Agile Methodologies · Version Control (Git) · System Integration;https://wuzzuf.net/jobs/p/pu7gywc3m31k-software-engineer-glc-paints-cairo-egypt;;,,
Software QA Engineer;IKEN Technology -;1 month ago;Maadi, Cairo, Egypt ;Full TimeOn-siteExperienced · 2 - 3 Yrs of Exp · IT/Software Development · Quality · Engineering - Telecom/Technology · Computer Science · Software Testing · Quality Assurance · Quality Control · Testing · API Testing · Team Leadership;https://wuzzuf.net/jobs/p/w7cjun587gup-software-qa-engineer-iken-technology-cairo-egypt;;,,,,,
Software Engineer Instructor;Pyramakerz -;1 month ago;Basatin, Cairo, Egypt ;Full TimeHybridExperienced · 2 - 3 Yrs of Exp · Engineering - Telecom/Technology · Education/Teaching · Training/Instructor · Instructor · Software Engineering · AI · Robotics · Mobile Development · Computer Science · Roblox Studio;https://wuzzuf.net/jobs/p/xfsp9hjzsqox-software-engineer-instructor-pyramakerz-cairo-egypt;;,,,,,
Odoo Developer (Remote);Al Tina -;1 month ago;Baghdad, Iraq ;Full TimeRemoteExperienced · 2+ Yrs of Exp · Business Development · IT/Software Development · Odoo · Odoo Development · ERP · Python · PostgreSQL · XML · functional consultation;https://wuzzuf.net/jobs/p/q0vfpb1b96ht-odoo-developer-remote-al-tina-baghdad-iraq;;,,,,,,
Senior QA Engineer;iDen2 -;1 month ago;San Francisco, United States ;Full TimeRemoteExperienced · 3 - 7 Yrs of Exp · IT/Software Development · Engineering - Telecom/Technology · Postman · Selenium · cypress · playwright · appium · Python · javascript · OWASP;https://wuzzuf.net/jobs/p/gcemjgavhceg-senior-qa-engineer-iden2-san-francisco-united-states;;,,,,,,
Software Development Specialist;Help AG -;1 month ago;Cairo, Egypt ;Full TimeHybridExperienced · 5 - 10 Yrs of Exp · IT/Software Development · Engineering - Telecom/Technology · Programming (Java, Python, C#, JavaScript) · Angular · JavaScript · Typescript · Spring Boot · Docker · Kubernetes · Microsoft Azure;https://wuzzuf.net/jobs/p/0mbyxrrplnb1-software-development-specialist-help-ag-cairo-egypt;;,,,
Software Engineer;Arabian Data -;1 month ago;Nasr City, Cairo, Egypt ;Full TimeOn-siteEntry Level · 2+ Yrs of Exp · IT/Software Development · Engineering - Telecom/Technology · Software Development · Data Engineering · Python · Machine Learning · ETL Processes · Front-End Development · front-end web development · Back-End Development;https://wuzzuf.net/jobs/p/tyn8ftlbyfyx-software-engineer-arabian-data-cairo-egypt;;,,,,,
Salesforce Developer / Architect-AI;Mr Buyer LLC -;1 month ago;Cairo, Egypt ;Full TimeRemoteExperienced · 2+ Yrs of Exp · IT/Software Development · Engineering - Telecom/Technology · Salesforce · Salesforce CRM · Full Stack Development · develper · Artificial Intelligence (AI) · API Development · Python Programming;https://wuzzuf.net/jobs/p/wwiluxtqcibu-salesforce-developer-architect-ai-mr-buyer-llc-cairo-egypt;;,,,,,,
IT Manager Odoo Background;Confidential -;1 month ago;New Cairo, Cairo," Egypt ;""Full TimeRemoteManager · 10 - 15 Yrs of Exp · IT/Software Development · •	Technical management · •	Analyzing information · •	Data center management · •	Developing budgets · •	Creative thinker and strategic problem solver · •	Knowledge of coding/scripting (Bash", Python, JavaScript," etc...) · •	Familiarity with database concepts/scripting"";https://wuzzuf.net/jobs/p/s10zsv3pu9jl-it-manager-odoo-background-cairo-egypt;;",,
Data Analyst;IDC -;1 month ago;Cairo, Egypt ;Full TimeHybridExperienced · 2+ Yrs of Exp · IT/Software Development · Analyst/Research · Microsoft Excel · Power BI · SQL · Tableau · Python · AI · Data Analysis · Data Analytics;https://wuzzuf.net/jobs/p/rxv6ezyr8alr-data-analyst-idc-cairo-egypt;;,,,,,,
Business Analyst (Python);Burjline Builders -;28 days ago;Dubai, United Arab Emirates ;Full TimeEntry Level · 2 - 5 Yrs of Exp · IT/Software Development · Analyst/Research · Engineering - Telecom/Technology · Business Analysis · Information Technology (IT) · Computer Science · Analysis · Software Development · Software · Computer Engineering;https://wuzzuf.net/jobs/p/g/4ft3ad3i4u77-business-analyst-python-burjline-builders-dubai-united-arab-emirates;;,,,,,,
Odoo Developer;National Technology -;1 month ago;Nasr City, Cairo, Egypt ;Full TimeHybridEntry Level · 1 - 3 Yrs of Exp · Installation/Maintenance/Repair · IT/Software Development · Engineering - Telecom/Technology · business · Communication skills · Computer Science · Information Technology (IT) · Odoo · Python;https://wuzzuf.net/jobs/p/2feevg5b3xna-odoo-developer-national-technology-cairo-egypt;;,,,,,
Senior Odoo Developer;Union Group -;1 month ago;Obour City, Cairo, Egypt ;Full TimeOn-siteExperienced · 3 - 5 Yrs of Exp · IT/Software Development · Engineering - Telecom/Technology · Odoo Development · Python Programming · HTML5 & CSS3 · PostgreSQL · API Integration · JavaScript · Problem Solving · Version Control (Git);https://wuzzuf.net/jobs/p/g0qbfhravsmv-senior-odoo-developer-union-group-cairo-egypt;;,,,,,
Senior Odoo Functional Consultant / Implementer;Formation OBS -;2 months ago;New Cairo, Cairo, Egypt ;Full TimeOn-siteExperienced · 4+ Yrs of Exp · IT/Software Development · Python · Odoo ERP · ERP System · Odoo · Odoo Development · ERP · ERP Software · ERP Applications · ERP Solutions;https://wuzzuf.net/jobs/p/qyj3uxyfsvfl-senior-odoo-functional-consultant-implementer-formation-obs-cairo-egypt;;,,,,,
Senior Odoo Developer;Formation OBS -;2 months ago;New Cairo, Cairo, Egypt ;Full TimeOn-siteExperienced · 3+ Yrs of Exp · IT/Software Development · Odoo Development · Odoo ERP · Python · XML · Web Ontology Language · OWL · Odoo · ERP · ERP System;https://wuzzuf.net/jobs/p/hm73an0ju1uq-senior-odoo-developer-formation-obs-cairo-egypt;;,,,,,
Backend Developer;Outservingplus -;2 months ago;Cairo, Egypt ;Full TimeOn-siteExperienced · 2 - 3 Yrs of Exp · Creative/Design/Art · IT/Software Development · Engineering - Telecom/Technology · Backend Development · API Development · Database Management · Programming (Python, Java, Node.js, etc.) · RESTful Services · Version Control (Git) · Problem Solving;https://wuzzuf.net/jobs/p/eyl8rljxf7ge-backend-developer-outservingplus-cairo-egypt;;,,,
Software developer internship;ARPUPLUS -;2 months ago;Giza, Egypt ;InternshipOn-siteStudent · IT/Software Development · Programming (Java, Python, C#, JavaScript) · Software Development Life Cycle (SDLC);https://wuzzuf.net/internship/0gbgnay5vdkb-software-developer-internship-arpuplus-giza-egypt;;,,,
Power BI Data Analyst;Zeina Group -;2 months ago;Sheikh Zayed, Giza, Egypt ;Full TimeOn-siteExperienced · 2+ Yrs of Exp · IT/Software Development · Analyst/Research · Engineering - Telecom/Technology · Analysis · Azure · BI · DAX · Microsoft Power BI · Power BI · Python;https://wuzzuf.net/jobs/p/kfnzzjasrwun-power-bi-data-analyst-zeina-group-giza-egypt;;,,,,,
Senior Full-Stack Developer;Dakahlia Group -;2 months ago;Nasr City, Cairo, Egypt ;Full TimeOn-siteExperienced · 4 - 6 Yrs of Exp · IT/Software Development · JavaScript (React, Angular, or Vue.js) · Full-Stack Development · Back-End Programming (Node.js, Python, Java, .NET) · Full Stack Development · Web Development;https://wuzzuf.net/jobs/p/0rnmi6rphtxm-senior-full-stack-developer-dakahlia-group-cairo-egypt;;
QA Automation Tester;Billqode -;2 months ago;Sheraton, Cairo, Egypt ;Full TimeHybridExperienced · 4 - 6 Yrs of Exp · IT/Software Development · Quality · Engineering - Telecom/Technology · QA Automation · Selenium · Appium · Cypress · Test Scripting · Python · Java;https://wuzzuf.net/jobs/p/zrluilspk2eh-qa-automation-tester-billqode-cairo-egypt;;,,,,,
Senior Full Stack Developer;Sprint Star -;2 months ago;Cairo, Egypt ;Full TimeHybridExperienced · 4 - 7 Yrs of Exp · IT/Software Development · Engineering - Telecom/Technology · Full Stack Development · React · API Integration · Angular · .Net Development · SQL/NoSQL Databases · JavaScript · ReactAngular;https://wuzzuf.net/jobs/p/tnmzbsjzhfg1-senior-full-stack-developer-sprint-star-cairo-egypt;;,,,,,,
AI Engineer;Sprint Star -;2 months ago;Cairo, Egypt ;Full TimeHybridExperienced · 3 - 5 Yrs of Exp · IT/Software Development · Python · AI;https://wuzzuf.net/jobs/p/ui8fafxnvwlj-ai-engineer-sprint-star-cairo-egypt;;,,,,,,
Full-Stack Developer;Software House Solution  -;2 months ago;Heliopolis, Cairo, Egypt ;Full TimeOn-siteEntry Level · 1 - 3 Yrs of Exp · Creative/Design/Art · IT/Software Development · Engineering - Telecom/Technology · Python · Django · CSS · HTML · Web Development;https://wuzzuf.net/jobs/p/r0eywi7aqfkr-full-stack-developer-software-house-solution-cairo-egypt;;,,,,,
Senior Data Analyst;Al Ahly capital holding - Al Ahly Tamkeen -;2 months ago;Zamalek, Cairo, Egypt ;Full TimeOn-siteExperienced · 3 - 5 Yrs of Exp · IT/Software Development · Analyst/Research · Engineering - Telecom/Technology · Analysis · BI · Computer Science · Data · analytical · Information Technology (IT) · Reporting;https://wuzzuf.net/jobs/p/uupqoupcvnjl-senior-data-analyst-al-ahly-capital-holding-al-ahly-tamkeen-cairo-egypt;;,,,,,
Data Analyst;Elite -;2 months ago;New Cairo, Cairo, Egypt ;Full TimeOn-siteEntry Level · 1 - 3 Yrs of Exp · Writing/Editorial · IT/Software Development · Analyst/Research · Microsoft Excel · Computer Skills · English Translation · data analyst · SQL · Microsoft SQL Server · SQL Server;https://wuzzuf.net/jobs/p/sj21s8nashvz-data-analyst-elite-cairo-egypt;;,,,,,
Odoo Techno Functional Consultant;ENAYA CARE INTERNATIONAL COMPANY FOR BEAUTY & COMFORT -;2 months ago;Cairo, Egypt ;Full TimeRemoteExperienced · 5 - 8 Yrs of Exp · Accounting/Finance · IT/Software Development · Engineering - Telecom/Technology · Odoo ERP · User training and support · Business process analysis · Python programming · Remote collaboration · Technical troubleshooting · System integration;https://wuzzuf.net/jobs/p/kgwscmozbtq4-odoo-techno-functional-consultant-enaya-care-international-company-for-beauty-comfort-cairo-egypt;;,,,,,,
Senior Full Stack Developer;Monglish Academy -;2 months ago;Alexandria, Egypt ;Full TimeOn-siteExperienced · 3 - 5 Yrs of Exp · Creative/Design/Art · IT/Software Development · Engineering - Telecom/Technology · Full Stack Development · JavaScript (React, Angular, or Vue.js) · Node.js or Python · RESTful API Design · Database Management (SQL/NoSQL) · Cloud Computing (AWS, Azure, Google Cloud) · Responsive Web Design;https://wuzzuf.net/jobs/p/ehnz8azfgsqg-senior-full-stack-developer-monglish-academy-alexandria-egypt;;,,
Senior Devops Engineer;Bevatel -;2 months ago;Dokki, Giza, Egypt ;Full TimeHybridExperienced · 4 - 6 Yrs of Exp · IT/Software Development · Engineering - Telecom/Technology · Kubernetes · Terraform · Google Cloud · GCP · Cloud · Computer Science · DevOps · Information Technology (IT);https://wuzzuf.net/jobs/p/oiryuqk0nvy1-senior-devops-engineer-bevatel-giza-egypt;;,,,,,
Full Stack Developer;Confidential -;2 months ago;Muscat, Oman ;Full TimeRemoteExperienced · 5 - 20 Yrs of Exp · Creative/Design/Art · IT/Software Development · React.js · Node.js · HTML5 · JavaScript · RESTful APIs · SQL/NoSQL Databases · Git · Problem Solving;https://wuzzuf.net/jobs/p/yrdiyoxguh0s-full-stack-developer-muscat-oman;;,,,,,,
ML Data Engineer;Confidential -;2 months ago;Cairo, Egypt ;Full TimeOn-siteExperienced · 7 - 10 Yrs of Exp · IT/Software Development · Engineering - Telecom/Technology · Python · Cloudera · Hadoop · Hive · Spark · HDFS · Azure Data Lake · PySpark;https://wuzzuf.net/jobs/p/xmrzj6xbs8mf-ml-data-engineer-cairo-egypt;;,,,,,,
MLOps + AI Engineer;Confidential -;2 months ago;Cairo, Egypt ;Full TimeOn-siteExperienced · 7 - 8 Yrs of Exp · IT/Software Development · Git · Azure DevOps · Azure Pipelines · DVC · Azure ML · SonarQube · pytest · Grafana · Docker;https://wuzzuf.net/jobs/p/p0jrsinrygz3-mlops-ai-engineer-cairo-egypt;;,,,,,,
Software Engineer;Code SA -;2 months ago;Cambridge, United Kingdom ;Full TimeRemoteExperienced · 6+ Yrs of Exp · IT/Software Development · Python · Amazon AWS · Django · React · PostgreSQL · FastAPI · Cloud · AWS · Azure;https://wuzzuf.net/jobs/p/1hryqwqwufa5-software-engineer-code-sa-cambridge-united-kingdom;;,,,,,,
Devops Engineer;GPS -;2 days ago;Heliopolis, Cairo, Egypt ;Full TimeOn-siteExperienced · 3 - 6 Yrs of Exp · IT/Software Development · Engineering - Telecom/Technology · AWS · Azure · DevOps · CI/CD · Information Technology (IT) · Python · Linux · Software Development;https://wuzzuf.net/jobs/p/9dfuxk7gkgze-devops-engineer-gps-cairo-egypt;;,,,,,
Technical Lead;Zeidex -;3 days ago;Maadi, Cairo, Egypt ;Full TimeHybridManager · 8 - 14 Yrs of Exp · IT/Software Development · Operations/Management · Engineering - Telecom/Technology · Information Technology (IT) · Software · Software Development · Development · Engineering · Software Engineering · Architecture;https://wuzzuf.net/jobs/p/tzu6ytkkrbla-technical-lead-zeidex-cairo-egypt;;,,,,,
Sr. IT Client Engineer;Lucid Motors Middle East -;6 hours ago;Makkah, Saudi Arabia ;Full TimeExperienced · Installation/Maintenance/Repair · IT/Software Development · Engineering - Telecom/Technology · information technology (it) · computer science · engineering · software development · software · design · linux;https://wuzzuf.net/saudi/jobs/p/g/rob61qmlndnk-sr-it-client-engineer-lucid-motors-middle-east-makkah-saudi-arabia;;,,,,,,
Odoo Developer;Urban Ridge Supplies -;3 days ago;Riyadh, Saudi Arabia ;Full TimeEntry Level · Installation/Maintenance/Repair · IT/Software Development · Engineering - Telecom/Technology · Odoo · Information Technology (IT) · Computer Science · Python · HTML · PostgreSQL · Software Development;https://wuzzuf.net/saudi/jobs/p/g/3j4yzhjv4fno-odoo-developer-urban-ridge-supplies-riyadh-saudi-arabia;;,,,,,,
Data Scientist II - QuantumBlack; AI by McKinsey;QuantumBlack, AI by McKinsey -;5 days ago;Riyadh, Saudi Arabia ;Full TimeExperienced · IT/Software Development · Analyst/Research · Engineering - Telecom/Technology · Python · Computer Science · Information Technology (IT) · SQL · Data Science · Machine Learning · Data Scientist;https://wuzzuf.net/saudi/jobs/p/g/uc7esna8vwyt-data-scientist-ii-quantumblack-ai-by-mckinsey-quantumblack-ai-by-mckinsey-riyadh-saudi-arabia;,,,,,
Tadarab Internship Program | AI&Data;Deloitte -;3 days ago;Riyadh, Saudi Arabia ;Full TimeNot specified · 0 - 2 Yrs of Exp · IT/Software Development · Analyst/Research · Engineering - Telecom/Technology · information technology (it) · computer science · engineering · software engineering · python · machine learning · ai;https://wuzzuf.net/saudi/jobs/p/g/8ypmvndzebpa-tadarab-internship-program-aidata-deloitte-riyadh-saudi-arabia;;,,,,,,
Data Analyst;Dicetek LLC -;3 days ago;Dubai, United Arab Emirates ;Freelance / ProjectNot specified · IT/Software Development · Analyst/Research · Engineering - Telecom/Technology · Data Analysis · Analysis · Computer Science · Information Technology (IT) · SQL · Microsoft Office · Microsoft Excel;https://wuzzuf.net/jobs/p/g/uzs7iqlnxe97-data-analyst-dicetek-llc-dubai-united-arab-emirates;;,,,,,,
Odoo Developer;OxtonGrid -;3 days ago;Riyadh, Saudi Arabia ;Full TimeEntry Level · Installation/Maintenance/Repair · IT/Software Development · Engineering - Telecom/Technology · Odoo · Information Technology (IT) · Computer Science · Python · HTML · PostgreSQL · Software Development;https://wuzzuf.net/saudi/jobs/p/g/5ldtcrrzs4ue-odoo-developer-oxtongrid-riyadh-saudi-arabia;;,,,,,,
Senior Director of Product Management; 2 Hour Learning (Remote) - $200;000/year USD;Trilogy -;3 days ago;Dubai, United Arab Emirates ;Full TimeExperienced · Customer Service/Support · IT/Software Development · Engineering - Telecom/Technology · information technology (it) · computer science · computer engineering · html · python · management · communication skills;https://wuzzuf.net/jobs/p/g/jx1pt4vbhauq-senior-director-of-product-management-2-hour-learning-remote-200000year-usd-trilogy-dubai-united-arab-emirates,,,,,,
Cloud Engineer II | ICT and IT Security;American University of Kuwait (AUK) -;4 days ago;Dubai, United Arab Emirates ;Full TimeEntry Level · Installation/Maintenance/Repair · IT/Software Development · Engineering - Telecom/Technology · information technology (it) · computer science · engineering · computer engineering · linux · aws · cloud;https://wuzzuf.net/jobs/p/g/j84bjccguouj-cloud-engineer-ii-ict-and-it-security-american-university-of-kuwait-auk-dubai-united-arab-emirates;;,,,,,,
Data Engineer – Analytics & AI;American University of Kuwait (AUK) -;5 days ago;Dubai, United Arab Emirates ;Full TimeEntry Level · IT/Software Development · Analyst/Research · Engineering - Telecom/Technology · Information Technology (IT) · Computer Science · Engineering · Computer Engineering · SQL · Software Development · Software Engineering;https://wuzzuf.net/jobs/p/g/qgxsasxm9jwk-data-engineer-analytics-ai-american-university-of-kuwait-auk-dubai-united-arab-emirates;;,,,,,,
Asset Performance Engineer;Keolis.MHI -;6 days ago;Dubai, United Arab Emirates ;Full TimeEntry Level · IT/Software Development · Engineering - Telecom/Technology · Engineering - Mechanical/Electrical · information technology (it) · computer science · engineering · software development · sql · maintenance · english;https://wuzzuf.net/jobs/p/g/0xbputz6adu5-asset-performance-engineer-keolis-mhi-dubai-united-arab-emirates;;,,,,,,
Data Science Manager - Riyadh;Mozn -;2 months ago;Riyadh, Saudi Arabia ;Full TimeExperienced · IT/Software Development · Analyst/Research · Engineering - Telecom/Technology · Computer Science · Information Technology (IT) · Computer Engineering · SQL · Data Management · Data Analysis · Engineering;https://wuzzuf.net/saudi/jobs/p/g/ub5oikkfsd8u-data-science-manager-riyadh-mozn-riyadh-saudi-arabia;;,,,,,,
AI Developer;Watts Water Technologies -;6 days ago;Dubai, United Arab Emirates ;Full TimeEntry Level · IT/Software Development · Analyst/Research · Engineering - Telecom/Technology · AI · Software Development · Information Technology (IT) · Analysis · Computer Science · C++ · Java;https://wuzzuf.net/jobs/p/g/g08kgvnyypvy-ai-developer-watts-water-technologies-dubai-united-arab-emirates;;,,,,,,
Staff Machine Learning Engineer (India based; relocation provided);Agoda -;8 days ago;Riyadh, Saudi Arabia ;Full TimeExperienced · IT/Software Development · Analyst/Research · Engineering - Telecom/Technology · Python · Computer Science · Machine Learning · Information Technology (IT) · Software Engineering · C++ · Mathematics;https://wuzzuf.net/saudi/jobs/p/g/ebdwd6kwxwbp-staff-machine-learning-engineer-india-based-relocation-provided-agoda-riyadh-saudi-arabia;,,,,,,
Data Analyst (m/f/d);Halian -;8 days ago;Dubai, United Arab Emirates ;Freelance / ProjectEntry Level · IT/Software Development · Analyst/Research · Engineering - Telecom/Technology · Data Analysis · Analysis · Computer Science · Information Technology (IT) · SQL · Microsoft Office · Microsoft Excel;https://wuzzuf.net/jobs/p/g/7mtslfwz2fku-data-analyst-mfd-halian-dubai-united-arab-emirates;;,,,,,,
Sr. Solutions Engineer - Enterprise Greenfield Saudi Arabia;Databricks -;8 days ago;Riyadh, Saudi Arabia ;Full TimeExperienced · 5 - 10 Yrs of Exp · IT/Software Development · Engineering - Telecom/Technology · Engineering - Mechanical/Electrical · Engineering · Information Technology (IT) · Computer Science · Software Development · Electrical Engineering · Software Engineering · Telecommunication;https://wuzzuf.net/saudi/jobs/p/g/2sulmskjobol-sr-solutions-engineer-enterprise-greenfield-saudi-arabia-databricks-riyadh-saudi-arabia;;,,,,,,
Senior Data Analyst / Reporting Specialist;Emdad Al Khebrat -;14 days ago;Riyadh, Saudi Arabia ;Full TimeExperienced · 5 - 10 Yrs of Exp · IT/Software Development · Analyst/Research · Engineering - Telecom/Technology · Information Technology (IT) · Computer Science · Data Analysis · Finance · Financial Analysis · Microsoft Office · Accounting;https://wuzzuf.net/saudi/jobs/p/g/9ufow0enmgyc-senior-data-analyst-reporting-specialist-emdad-al-khebrat-riyadh-saudi-arabia;;,,,,,,
Drilling Data Analyst;Corva -;9 days ago;Dubai, United Arab Emirates ;Full TimeEntry Level · IT/Software Development · Analyst/Research · Engineering - Telecom/Technology · Data Analysis · Analysis · Computer Science · Information Technology (IT) · Microsoft Office · SQL · Microsoft Excel;https://wuzzuf.net/jobs/p/g/slkhddxbyjbm-drilling-data-analyst-corva-dubai-united-arab-emirates;;,,,,,,
Rust Engineer - Trading;Keyrock -;9 days ago;Dubai, United Arab Emirates ;Full TimeEntry Level · IT/Software Development · Engineering - Telecom/Technology · Engineering - Other · computer science · information technology (it) · python · javascript · rust · engineering · development;https://wuzzuf.net/jobs/p/g/zxqyvi7c5wlk-rust-engineer-trading-keyrock-dubai-united-arab-emirates;;,,,,,,
Backbone Technical Program Manager UAE National; Rest of World Backbone;Amazon Web Services (AWS) -;9 days ago;Dubai, United Arab Emirates ;Full TimeExperienced · Customer Service/Support · IT/Software Development · Engineering - Telecom/Technology · computer engineering · information technology (it) · computer science · software development · planning · engineering · communications;https://wuzzuf.net/jobs/p/g/2a4boerz4vzw-backbone-technical-program-manager-uae-national-rest-of-world-backbone-amazon-web-services-aws-dubai-united-arab-emirates;,,,,,,
Machine Learning Engineer;EPAM Systems -;9 days ago;Dubai, United Arab Emirates ;Full TimeExperienced · IT/Software Development · Engineering - Telecom/Technology · Engineering - Mechanical/Electrical · Machine Learning · Computer Science · Information Technology (IT) · Python · Software Engineering · Computer Engineering · Engineering;https://wuzzuf.net/jobs/p/g/3u0weeeornsu-machine-learning-engineer-epam-systems-dubai-united-arab-emirates;;,,,,,,
Data Science Consultant – Gen AI Specialist;EPAM Systems -;9 days ago;Riyadh, Saudi Arabia ;Full TimeEntry Level · Installation/Maintenance/Repair · IT/Software Development · Engineering - Telecom/Technology · computer science · information technology (it) · engineering · sql · sales · maintenance · communication skills;https://wuzzuf.net/saudi/jobs/p/g/rp02cc9vgmom-data-science-consultant-gen-ai-specialist-epam-systems-riyadh-saudi-arabia;;,,,,,,
Data Engineer;Etihad -;9 days ago;Dubai, United Arab Emirates ;Full TimeEntry Level · IT/Software Development · Analyst/Research · Engineering - Telecom/Technology · Information Technology (IT) · Computer Science · Computer Engineering · Engineering · Software Engineering · Software Development · SQL;https://wuzzuf.net/jobs/p/g/zuxwtxvvkptb-data-engineer-etihad-dubai-united-arab-emirates;;,,,,,,
